kit_id,transect_location,latitude,longitude,elevation_m,collection_time_utc,macrophytes_algae,systemtype,volume_ml,notes,soil_type,rotten_egg_smell,color,soil_horizon,ecosystem_code_IGBP,elevation_flag
K001,water,41.6228,-83.2362,175,06:00:00,None,"Estuary, Lacestuary",500,Winter no vegetation. Upland site located in different area,NA,NA,NA,NA,NA,NA
K001,sediment,41.6228,-83.2362,175,08:00:00,NA,NA,NA,NA,"Toledo silty clay, 0 to 1 percent slopes, flooded (Tp)",No,Dark Chocolate,NA,NA,NA
K001,wetland,41.62182,-83.23883,175,06:00:00,NA,NA,NA,NA,"Toledo silty clay, 0 to 1 percent slopes, flooded (Tp)",NA,NA,Organic,NA,NA
K001,transition,41.62186,-83.23813,175,05:30:00,NA,NA,NA,NA,"Toledo silty clay, 0 to 1 percent slopes, flooded (Tp)",NA,NA,Organic,NA,NA
K001,upland,41.61511,-83.22979,175,05:00:00,NA,NA,NA,NA,"Nappanee silty clay loam, 0 to 3 percent slopes (NpA)",NA,NA,Mineral,4,NA
K004,water,41.502,-83.0435,174.76,19:00:00,"Macrophytes, Algae",Tidal River,NA,Water color description: ? Check copy of form,NA,NA,NA,NA,NA,NA
K004,sediment,41.502,-83.0435,174.76,19:30:00,NA,NA,NA,NA,"Toledo silty clay, 0 to 1 percent slopes, flooded (Tp)",No,"Black, Grey, Reddish",NA,NA,NA
K004,wetland,41.5018,-83.0443,174.83,18:20:00,NA,NA,NA,NA,"Toledo silty clay, 0 to 1 percent slopes, flooded (Tp)",NA,NA,Organic,NA,NA
K004,transition,41.5018,-83.0456,175.08,17:40:00,NA,NA,NA,NA,"Toledo silty clay, 0 to 1 percent slopes (To)",NA,NA,Organic,NA,NA
K004,upland,41.5015,-83.0462,175.71,17:00:00,NA,NA,NA,NA,"Toledo silty clay, 0 to 1 percent slopes (To)",NA,NA,Mineral,NA,NA
K007,water,41.3771,-82.5102,173,09:00:00,Algae,"Estuary, Lacestuary",500,NA,NA,NA,NA,NA,NA,NA
K007,sediment,41.3771,-82.5102,173,09:00:00,NA,NA,NA,NA,"Fluvaquents, silty, 0 to 1 percent slopes, frequently flooded (FnA)",Yes,Black,NA,NA,NA
K007,wetland,41.3759,-82.50713,175,08:00:00,NA,NA,NA,NA,"Holly silt loam, 0 to 1 percent slopes, occasionally flooded (HoA)",NA,NA,Organic,NA,NA
K007,transition,41.37591,-82.5064,176,07:00:00,NA,NA,NA,NA,"Holly silt loam, 0 to 1 percent slopes, occasionally flooded (HoA)",NA,NA,Mineral,NA,NA
K007,upland,41.3762,-82.50666,181,06:00:00,NA,NA,NA,NA,"Zurich silt loam, 25 to 40 percent slopes (ZuF)",NA,NA,Mineral,4,NA
K008,water,41.3824,-82.5147,173.26,15:20:00,None,Lacestuary,390,NA,NA,NA,NA,NA,NA,NA
K008,sediment,41.3824,-82.5147,173.26,15:50:00,NA,NA,NA,NA,Water (W),No,Dark Chocolate,NA,NA,NA
K008,wetland,41.3826,-82.5148,175.03,15:05:00,NA,NA,NA,NA,"Fluvaquents, silty, 0 to 1 percent slopes, frequently flooded (FnA)",NA,NA,Organic,NA,NA
K008,transition,41.3827,-82.515,176.01,14:46:00,NA,NA,NA,NA,"Fluvaquents, silty, 0 to 1 percent slopes, frequently flooded (FnA)",NA,NA,Organic,NA,NA
K008,upland,41.3827,-82.515,176.01,14:57:00,NA,NA,NA,NA,"Fluvaquents, silty, 0 to 1 percent slopes, frequently flooded (FnA)",NA,NA,Organic,5,NA
K009,water,41.3754,-82.5164,174.49,18:38:00,Macrophytes,Lacestuary,175,NA,NA,NA,NA,NA,NA,NA
K009,sediment,41.3754,-82.5164,174.49,18:57:00,NA,NA,NA,NA,"Fluvaquents, silty, 0 to 1 percent slopes, frequently flooded (FnA)",No,Dark Chocolate,NA,NA,NA
K009,wetland,41.3746,-82.5167,174.87,19:40:00,NA,NA,NA,NA,"Fluvaquents, silty, 0 to 1 percent slopes, frequently flooded (FnA)",NA,NA,Organic,NA,NA
K009,transition,41.3745,-82.5169,176.16,19:55:00,NA,NA,NA,NA,"Fluvaquents, silty, 0 to 1 percent slopes, frequently flooded (FnA)",NA,NA,Organic,NA,NA
K009,upland,41.3747,-82.517,177.71,20:00:00,NA,NA,NA,NA,"Zurich silt loam, 12 to 18 percent slopes, eroded (ZuD2)",NA,NA,Organic,5,NA
K010,water,41.3734,-82.5091,173.26,18:39:00,Macrophytes,Lacestuary,302,NA,NA,NA,NA,NA,NA,NA
K010,sediment,41.3733,-82.5092,173.26,18:58:00,NA,NA,NA,NA,"Fluvaquents, silty, 0 to 1 percent slopes, frequently flooded (FnA)",No,Dark Chocolate,NA,NA,NA
K010,wetland,41.3731,-82.5083,174.56,17:49:00,NA,NA,NA,NA,"Fluvaquents, silty, 0 to 1 percent slopes, frequently flooded (FnA)",NA,NA,Organic,NA,NA
K010,transition,41.3731,-82.5076,175.38,18:05:00,NA,NA,NA,NA,"Zurich silt loam, 18 to 25 percent slopes, eroded (ZuE2)",NA,NA,Organic,NA,NA
K010,upland,41.3732,-82.5075,177.47,18:17:00,NA,NA,NA,NA,"Fluvaquents, silty, 0 to 1 percent slopes, frequently flooded (FnA)",NA,NA,Organic,4,NA
K011,water,41.3772,-82.51,176.09,16:10:00,"Macrophytes, Algae",Lacestuary,420,NA,NA,NA,NA,NA,NA,NA
K011,sediment,41.3772,-82.51,176.09,16:47:00,NA,NA,NA,NA,"Fluvaquents, silty, 0 to 1 percent slopes, frequently flooded (FnA)",No,Dark Chocolate,NA,NA,NA
K011,wetland,41.3765,-82.5081,176.11,15:23:00,NA,NA,NA,NA,"Holly silt loam, 0 to 1 percent slopes, occasionally flooded (HoA)",NA,NA,Organic,NA,NA
K011,transition,41.3765,-82.5081,176.11,15:44:00,NA,NA,NA,NA,"Zurich silt loam, 25 to 40 percent slopes (ZuF)",NA,NA,Organic,NA,NA
K011,upland,41.3865,-82.5082,173.26,15:36:00,NA,NA,NA,NA,NA,NA,NA,Organic,4,NA
K012,water,43.5831,-83.688,176.78,20:10:00,"Macrophytes, Algae",NA,142,surrounded by agriculture,NA,NA,NA,NA,NA,NA
K012,sediment,43.5831,-83.688,176.78,20:05:00,NA,NA,NA,surrounded by agriculture,"Aquents, ponded (75)",Yes,Dark Chocolate,NA,NA,NA
K012,wetland,43.583,-83.6882,176.99,19:45:00,NA,NA,NA,surrounded by agriculture,"Aquents, ponded (75)",NA,NA,Organic,NA,NA
K012,transition,NA,NA,NA,NA,NA,NA,NA,NA,NA,NA,NA,NA,NA,NA
K012,upland,NA,NA,NA,NA,NA,NA,NA,NA,NA,NA,NA,NA,NA,NA
K013,water,43.9688,-83.8603,177.19,17:10:00,"Macrophytes, Algae",Lake,540,second filter fell into the lake and did not include it in the returned kit,NA,NA,NA,NA,NA,NA
K013,sediment,43.9688,-83.8603,177.19,18:00:00,NA,NA,NA,NA,Fresh water marsh (Fm),Yes,Black,NA,NA,NA
K013,wetland,43.9687,-83.8619,177.07,16:55:00,NA,NA,NA,NA,Brevort loamy sand (Bn),NA,NA,Organic,NA,NA
K013,transition,43.9687,-83.862,177.2,16:50:00,NA,NA,NA,NA,Brevort loamy sand (Bn),NA,NA,Organic,NA,NA
K013,upland,43.9687,-83.8621,177.58,16:45:00,NA,NA,NA,NA,Brevort loamy sand (Bn),NA,NA,Organic,NA,NA
K014,water,39.6696,-75.4661,0.97,NA,Algae,Tidal River,150,"conductivity= 215 umS/cm, water temps drop drastically in Nota (??); Dissolved Oxygen saturation 135%",NA,NA,NA,NA,NA,NA
K014,sediment,39.6699,-75.4661,-0.01,16:46:00,NA,NA,NA,some sand and organics,Water (WATER),NA,NA,NA,NA,NA
K014,wetland,NA,NA,NA,NA,NA,NA,NA,NA,NA,NA,NA,NA,NA,NA
K014,transition,NA,NA,NA,NA,NA,NA,NA,NA,NA,NA,NA,NA,NA,NA
K014,upland,NA,NA,NA,NA,NA,NA,NA,NA,NA,NA,NA,NA,NA,NA
K015,water,37.4147,-76.7161,0,18:30:00,None,Estuary,75,Water color description: Gray,NA,NA,NA,NA,NA,NA
K015,sediment,37.4147,-76.7161,0,18:40:00,NA,NA,NA,NA,Water (W),No,"Black, Grey",NA,NA,NA
K015,wetland,37.4144,-76.7153,0.67,18:05:00,NA,NA,NA,NA,Bohicket muck (6),NA,NA,Organic,NA,NA
K015,transition,37.4142,-76.715,0.7,19:15:00,NA,NA,NA,NA,Bohicket muck (6),NA,NA,Organic,NA,NA
K015,upland,37.4142,-76.715,0.7,19:05:00,NA,NA,NA,NA,Bohicket muck (6),NA,NA,Organic,6,NA
K016,water,37.3044,-76.5539,0.24,16:35:00,None,Estuary,470,"My apologies, but I don't believe I had included the EyeonWater Color and Conductivity Measurement (32.484 us/cm) on the printed datasheet that went with the cooler.",NA,NA,NA,NA,NA,NA
K016,sediment,37.3044,-76.5539,0.24,16:50:00,NA,NA,NA,Sediment were collected in the same area as the water samples.,"Sulfaquents, frequently flooded (30)",No,Grey,NA,NA,NA
K016,wetland,37.3045,-76.5536,0.37,16:15:00,NA,NA,NA,We did not use the SoilWeb identification tool to determine soil type (apologies);  NAVD88 used for elevation,"Sulfaquents, frequently flooded (30)",NA,NA,Organic,NA,NA
K016,transition,37.3047,-76.553,0.78,15:57:00,NA,NA,NA,We did not use the SoilWeb identification tool to determine soil type (apologies);  NAVD88 used for elevation,Johns sandy loam (10),NA,NA,Mineral,NA,NA
K016,upland,37.3047,-76.5529,1.01,15:48:00,NA,NA,NA,We did not use the SoilWeb identification tool to determine soil type (apologies); NAVD88 used for elevation,Johns sandy loam (10),NA,NA,Organic,5,NA
K017,water,37.5678,-76.8867,0.23,17:49:00,None,"Estuary, Tidal River",395,"The form sent in the container (printed form) from this site incorrectly stated that there were macrophytes in the location of the water/sediment sample and this was incorrect - the correct response is ""none"" (given the choices).",NA,NA,NA,NA,NA,inconsistent
K017,sediment,37.5678,-76.8867,0.23,18:27:00,NA,NA,NA,Sediment sample taken in general areas of water samples.,"Lanexa mucky silty clay loam, 0 to 1 percent slopes, very frequently flooded (15A)",No,Grey,NA,NA,inconsistent
K017,wetland,37.5687,-76.8869,0.42,17:40:00,NA,NA,NA,NA,"Lanexa mucky silty clay loam, 0 to 1 percent slopes, very frequently flooded (15A)",NA,NA,Organic,NA,inconsistent
K017,transition,37.5687,-76.8871,0.36,17:25:00,NA,NA,NA,NA,NA,NA,NA,Mineral,NA,inconsistent
K017,upland,37.5687,-76.8872,0.84,17:03:00,NA,NA,NA,"Did not use SoilWeb for identifying soil types, based on experience of field staff. Soil probe used to take soil temperature","Tarboro sand, 6 to 15 percent slopes (29D)",NA,NA,Mineral,5,inconsistent
K018,water,37.2192,-76.4136,0.18,17:15:00,None,Estuary,200,Water color description: Light brown,NA,NA,NA,NA,NA,NA
K018,sediment,37.2192,-76.4136,0.18,17:30:00,NA,NA,NA,NA,Axis very fine sandy loam (3),No,Light Chocolate,NA,NA,NA
K018,wetland,37.2192,-76.4136,0.18,17:35:00,NA,NA,NA,NA,Axis very fine sandy loam (3),NA,NA,Mineral,NA,NA
K018,transition,37.2197,-76.4133,0.58,17:40:00,NA,NA,NA,NA,Axis very fine sandy loam (3),NA,NA,Organic,NA,NA
K018,upland,37.22,-76.4128,1.1,17:45:00,NA,NA,NA,NA,Dragston fine sandy loam (13),NA,NA,Organic,5,NA
K019,water,46.6533,-92.2266,182.93,18:00:00,None,Lacestuary,500,"Frequent bubble evolution from sediments.  Methanogenesis?  No H2S smell, though, and sediments remain brown at least 4 cm down.",NA,NA,NA,NA,NA,NA
K019,sediment,46.6532,-92.2266,182.93,18:15:00,NA,NA,NA,NA,Water (W),No,"Reddish, Light Chocolate",NA,NA,NA
K019,wetland,46.6534,-92.2267,182.93,18:30:00,NA,NA,NA,NA,Water (W),NA,NA,Mineral,NA,NA
K019,transition,46.6536,-92.2269,183.21,18:30:00,NA,NA,NA,NA,"Udifluvents, loamy, 0 to 2 percent slopes, occasionally flooded (1026A)",NA,NA,Organic,NA,NA
K019,upland,46.6536,-92.2268,184.21,18:30:00,NA,NA,NA,NA,"Udifluvents, loamy, 0 to 2 percent slopes, occasionally flooded (1026A)",NA,NA,Organic,4,NA
K020,water,46.8143,-92.0515,184.83,19:30:00,None,Lake,500,"0.5+ m waves, in lee of pier. No water color. Water clear, but too choppy",NA,NA,NA,NA,NA,NA
K020,sediment,NA,NA,NA,04:00:00,NA,NA,NA,NA,NA,NA,NA,NA,NA,NA
K020,wetland,NA,NA,NA,NA,NA,NA,NA,NA,NA,NA,NA,NA,NA,NA
K020,transition,NA,NA,NA,05:00:00,NA,NA,NA,NA,NA,NA,NA,NA,NA,NA
K020,upland,46.8145,-92.0515,185.99,19:30:00,NA,NA,NA,Maple and fir trees,"Urban land-Amnicon-Rock outcrop complex, 0 to 18 percent slopes (E25D)",NA,NA,Organic,5,NA
K021,water,41.6056,-83.1526,174.15,14:50:00,"Macrophytes, Algae",Lacestuary,120,NA,NA,NA,NA,NA,NA,NA
K021,sediment,41.6056,-83.1526,174.15,15:00:00,NA,NA,NA,NA,Water (W),No,Dark Chocolate,NA,NA,NA
K021,wetland,41.6054,-83.1533,174.15,14:30:00,NA,NA,NA,NA,Water (W),NA,NA,Organic,NA,NA
K021,transition,41.6053,-83.1536,174.15,14:45:00,NA,NA,NA,NA,"Toledo silty clay, 0 to 1 percent slopes, flooded (Tp)",NA,NA,Organic,NA,NA
K021,upland,41.6053,-83.1537,174.15,14:40:00,NA,NA,NA,"The soil sample was taken on the east side of the dike. On the soil ID app this area was considered ""water"". But the west side of the dike was considered ""Toldeo/Fulton"" soil series and that is what we recorded. The dike was considered upland because there were mature trees established.","Toledo silty clay, 0 to 1 percent slopes, flooded (Tp)",NA,NA,Organic,11,NA
K022,water,41.4629,-82.9971,174.04,16:30:00,"Macrophytes, Algae",Lacestuary,200,NA,NA,NA,NA,NA,NA,NA
K022,sediment,41.4629,-82.9971,174.04,16:40:00,NA,NA,NA,NA,"Toledo silty clay, 0 to 1 percent slopes, flooded (Tp)",Yes,Dark Chocolate,NA,NA,NA
K022,wetland,41.4626,-82.9973,174.31,04:45:00,NA,NA,NA,NA,"Toledo silty clay, 0 to 1 percent slopes, flooded (Tp)",NA,NA,Organic,NA,NA
K022,transition,41.4623,-82.9974,174.37,06:35:00,NA,NA,NA,NA,"Toledo silty clay, 0 to 1 percent slopes, flooded (Tp)",NA,NA,Organic,NA,NA
K022,upland,41.4621,-82.9974,174.47,18:30:00,NA,NA,NA,NA,"Toledo silty clay, 0 to 1 percent slopes, flooded (Tp)",NA,NA,Organic,11,NA
K023,water,38.8014,-76.7033,0.61,13:00:00,None,Tidal Stream,220,NA,NA,NA,NA,NA,NA,NA
K023,sediment,38.8158,-76.7033,0.6,13:19:00,NA,NA,NA,"Soil very clayey, color not quite grey, not quite brown/red either, dull grey/brown (didnt bring a color book)","Nanticoke and Mannington soils, tidally flooded (NM)",No,Grey,NA,NA,NA
K023,wetland,38.8014,-76.7031,0.58,13:34:00,NA,NA,NA,"Very organic, lots of roots and plant material; iPhone used for elevation","Nanticoke and Mannington soils, 0 to 1 percent slopes, tidally flooded (NMA)",NA,NA,Organic,NA,NA
K023,transition,NA,NA,NA,04:00:00,NA,NA,NA,NA,NA,NA,NA,NA,NA,NA
K023,upland,38.7511,-76.7019,10.37,13:49:00,NA,NA,NA,"Seems sandy, lots of ants! Soil is very organic, many roots; iPhone used for elevation",NA,NA,NA,Mineral,4,NA
K024,water,38.2087,-75.8044,0.17,13:44:00,None,Estuary,840,Salinity 12.6ppt,NA,NA,NA,NA,NA,NA
K024,sediment,38.2087,-75.8044,0.17,13:50:00,NA,NA,NA,"lots of root material, sandy","Transquaking and Mispillion soils, very frequently flooded, tidal (TP)",Yes,Grey,NA,NA,NA
K024,wetland,38.2088,-75.8044,0.47,14:04:00,NA,NA,NA,"High marsh spartina patens, surrounded by J. roemerianus, P. australis and S. alterniflora. Solid root mat in the first 10-20cm of soil. Very organic, little mineral material. Marsh was flooded to a depth of 1-2 cm.","Transquaking and Mispillion soils, very frequently flooded, tidal (TP)",NA,NA,Organic,NA,NA
K024,transition,38.2105,-75.8056,0.63,14:23:00,NA,NA,NA,"Ghost forest, on the upland/upslope edge of the wetland vegetation creep. Dead pine, S. patens encroaching, other wetland plants coexisting with young pine seedlings. Soil organic, rooty, pine needles everywhere.","Manokin silt loam, 0 to 2 percent slopes (MdA)",NA,NA,Organic,NA,NA
K024,upland,38.2108,-75.8054,0.91,14:38:00,NA,NA,NA,"Very thick organic layer in pine forest, some sand mixed in. Forest is primarily loblolly pine, with some oak and holly","Manokin silt loam, 0 to 2 percent slopes (MdA)",NA,NA,Organic,1,NA
K025,water,38.8873,-76.5621,0.31,19:30:00,None,Tidal Stream,205,"Conductivity was 5581 microsiemens/cm. Conductivity, pH and dissolved O2 were measured with a YSI pro.",NA,NA,NA,NA,NA,NA
K025,sediment,38.8873,-76.5621,0.31,19:45:00,NA,NA,NA,"Collected at 5-10 cm subsurface of water. Taped the sample bag shut because the fine particles clogged the seal seam. Elevation was not taken, but I can get this at a later date, along with more precise latitude and longitude coordinates.","Widewater and Issue soils, 0 to 2 percent slopes, frequently flooded (WBA)",No,"Black, Grey, Reddish, Light Chocolate",NA,NA,NA
K025,wetland,38.8873,-76.5621,0.31,20:05:00,NA,NA,NA,"Soil type is known most precisely at this sampling location because we have taken 1 meter cores from the area, and performed LOI analysis in 5 cm chunks. The top 10 cm have averaged 80% clay and 20% organics, with clay increasing down the core to 100%, with very little organics after 10 cm of depth. Soil moisture not taken, but very moist (not waterlogged because it was low tide)","Widewater and Issue soils, 0 to 2 percent slopes, frequently flooded (WBA)",NA,NA,Organic,NA,NA
K025,transition,38.8873,-76.5621,0.31,20:15:00,NA,NA,NA,NA,"Widewater and Issue soils, 0 to 2 percent slopes, frequently flooded (WBA)",NA,NA,Organic,NA,NA
K025,upland,38.8872,-76.5623,0.76,20:25:00,NA,NA,NA,"The soil temperature is likely inaccurate because I was unable to get my soil thermometer all the way into the soil. It was too compacted. Soil moisture not taken, but the soil was very dry and seemed well drained.","Widewater and Issue soils, 0 to 2 percent slopes, frequently flooded (WBA)",NA,NA,Mineral,4,NA
K026,water,37.7106,-75.6117,2.96,17:30:00,None,Tidal Stream,65,"I initially confused the amber 40 and 125ml vials, and filled the 40mL with tidal creek water. Once I realized the error, I rinsed the 40mL with creek water, shook dry and filled using the syringe and filter as directed. There may be slight contamination of the 40mL. (15mL Falcon tube was not contaminated.)  Water color description: Cannot recall and cannot open observation; will try again later.",NA,NA,NA,NA,NA,inconsistent
K026,sediment,37.7106,-75.6117,2.96,17:30:00,NA,NA,NA,Same location as water sample,"Udorthent and Udipsamment soils, 0 to 30 percent slopes (UpD)",No,Light Chocolate,NA,NA,inconsistent
K026,wetland,37.712,-75.6102,1.2,17:15:00,NA,NA,NA,Spartina alterniflora,"Chincoteague silt loam, 0 to 1 percent slopes, very frequently flooded (ChA)",NA,NA,NA,NA,inconsistent
K026,transition,37.7128,-75.6086,1.29,17:30:00,NA,NA,NA,NA,"Chincoteague silt loam, 0 to 1 percent slopes, very frequently flooded (ChA)",NA,NA,NA,NA,inconsistent
K026,upland,37.7129,-75.6085,1.37,17:45:00,NA,NA,NA,"Corn crop, recently harvested","Munden sandy loam, 0 to 2 percent slopes (MuA)",NA,NA,NA,12,inconsistent
K027,water,37.9914,-75.8238,0.44,22:00:00,None,Tidal Stream,610,NA,NA,NA,NA,NA,NA,NA
K027,sediment,37.9914,-75.8238,0.44,22:00:00,NA,NA,NA,"At the very edge of the channel, water was very high","Honga peat, very frequently flooded, tidal (Ho)",No,Dark Chocolate,NA,NA,NA
K027,wetland,37.9927,-75.8221,0.47,21:00:00,NA,NA,NA,"Thick roots, difficult to extract (used gloved hands); Elevation estimated","Honga peat, very frequently flooded, tidal (Ho)",NA,NA,Organic,NA,NA
K027,transition,37.9923,-75.8218,0.65,21:15:00,NA,NA,NA,Bare soil and some marsh grasses creeping in; elevation estimated,"Othello-Fallsington complex, 0 to 2 percent slopes (OvA)",NA,NA,Organic,NA,NA
K027,upland,37.9917,-75.8216,0.69,21:30:00,NA,NA,NA,Not farmed this year,"Othello-Fallsington complex, 0 to 2 percent slopes (OvA)",NA,NA,Organic,12,NA
K029,water,39.4188,-75.3786,0.37,19:35:00,None,Tidal Stream,85,forel-ule value = 18,NA,NA,NA,NA,NA,NA
K029,sediment,39.4188,-75.3786,0.37,19:50:00,NA,NA,NA,primarily dark brown but later black below,"Transquaking peat, 0 to 1 percent slopes, very frequently flooded, tidal (TrkAv)",Yes,"Black, Dark Chocolate",NA,NA,NA
K029,wetland,39.4188,-75.3786,0.37,19:58:00,NA,NA,NA,phragmites australis; for soils: I just used the NRCS wedsize survey as I had no cell reception for phone app; NAVD88 used for elevation,"Transquaking peat, 0 to 1 percent slopes, very frequently flooded, tidal (TrkAv)",NA,NA,Organic,NA,NA
K029,transition,39.4187,-75.3786,0.86,20:15:00,NA,NA,NA,Phragmites australis (not recorded on the phyiscal metadata sheet); NAVD88 used for elevation,"Berryland and Mullica soils, 0 to 2 percent slopes, occassionally flooded (BEXAS)",NA,NA,Organic,NA,NA
K029,upland,39.4185,-75.3788,1.38,20:25:00,NA,NA,NA,"organic soil horizon, more mineral than transiton/wetland; NAVD88 used for elevation","Berryland and Mullica soils, 0 to 2 percent slopes, occassionally flooded (BEXAS)",NA,NA,Organic,4,NA
K030,water,39.0884,-75.4374,0.81,13:55:00,None,Tidal Stream,247,environmental data from DELSLWQ; water had less turbidity than usual. We were on a coastal flood advisory today. Sampling was at low tide [Sal 14.1 PSU; Trurb 28 FN)/Ntu; temp 20C]; Dissolved Oxygen saturation 37.5%,NA,NA,NA,NA,NA,NA
K030,sediment,39.0884,-75.4374,NA,14:30:00,NA,NA,NA,sediments were collected near creek bank,"Transquaking and Mispillion soils, very frequently flooded, tidal (TP)",Yes,"Black, Grey",NA,NA,NA
K030,wetland,39.0881,-75.4375,0.99,15:45:00,NA,NA,NA,Soil moisture not taken but soil was saturated,"Transquaking and Mispillion soils, very frequently flooded, tidal (TP)",NA,NA,Organic,NA,NA
K030,transition,NA,NA,NA,NA,NA,NA,NA,NA,NA,NA,NA,NA,NA,NA
K030,upland,39.0885,-75.438,1.13,15:57:00,NA,NA,NA,NA,"Nassawango silt loam, 2 to 5 percent slopes (NsB)",NA,NA,Organic,4,NA
K033,water,47.1041,-88.5153,187.42,17:30:00,Macrophytes,"Tidal River, Lacestuary",605,NA,NA,NA,NA,NA,NA,NA
K033,sediment,47.1041,-88.5153,187.42,17:50:00,NA,NA,NA,little sandy mixture,"Histosols and Aquents, 0 to 1 percent slopes, ponded (27)",No,Light Chocolate,NA,NA,NA
K033,wetland,47.1043,-88.516,187.52,18:21:00,NA,NA,NA,"More of a mixture of organic and mineral soil horizon, very dense root mat","Histosols and Aquents, 0 to 1 percent slopes, ponded (27)",NA,NA,Organic,NA,NA
K033,transition,NA,NA,NA,04:00:00,NA,NA,NA,NA,NA,NA,NA,NA,NA,NA
K033,upland,47.1041,-88.517,187.94,18:31:00,NA,NA,NA,NA,"Udipsamments and Udorthents, nearly level (83)",NA,NA,Mineral,4,NA
K034,water,38.7746,-75.9752,-0.12,18:45:00,None,Estuary,300,"water temp 20.4C. Water color description: too clear; could see bottom; visually, light brown",NA,NA,NA,NA,NA,inconsistent
K034,sediment,38.7746,-75.9752,-0.12,18:55:00,NA,NA,NA,"sediment emitting bubbles, sediment colour was dark gray",Water (W),No,Grey,NA,NA,inconsistent
K034,wetland,38.7745,-75.9753,0.62,NA,NA,NA,NA,"dominant vegetation: Spartina cynosuroides; also sparse invasive phragmites; some Leersia oryzoides (rice cut grass);  elsewhere in the marsh (not at sampling site), we also observed likely pockets of native phragmites","Nanticoke and Mannington soils, very frequently flooded, tidal (NM)",NA,NA,Organic,NA,inconsistent
K034,transition,38.7744,-75.9753,0.53,18:20:00,NA,NA,NA,"invasive phragmites, appears to be monoculture","Klej-Galloway complex, 0 to 5 percent slopes (KgB)",NA,NA,Organic,NA,inconsistent
K034,upland,38.7743,-75.9754,1.31,18:15:00,NA,NA,NA,"dominant species: invasive phragmites, red maple, grapevine; bordering crops (currently winter wheat cover)","Klej-Galloway complex, 0 to 5 percent slopes (KgB)",NA,NA,Organic,5,inconsistent
K035,water,38.5922,-76.1307,0.38,10:30:00,None,Estuary,200,"Time entered on metadata hard copy listed LOCAL time (GMT-4); on this form, i've converted time to UTC; conductivity: 17.76 mS/cm
By ""Algae"" above, I took that to mean benthic macroalgae, which was not evident",NA,NA,NA,NA,NA,inconsistent
K035,sediment,38.5922,-76.1307,0.38,10:40:00,NA,NA,NA,NA,"Honga peat, very frequently flooded, tidal (Ho)",Yes,Dark Chocolate,NA,NA,inconsistent
K035,wetland,38.5922,-76.1307,0.38,10:15:00,NA,NA,NA,S. alterniflora dominant; evidence of ponding and erosion. Soil moisture not taken but soil was visibly saturated; Elevation estimated,"Honga peat, very frequently flooded, tidal (Ho)",NA,NA,Organic,NA,inconsistent
K035,transition,38.5922,-76.1302,0.33,10:00:00,NA,NA,NA,"Very narrow transition zone between upland and wetland (i.e., very steep gradient); Sampled in Phragmites, arguably characterized as upper limits of wetland; Elevation estimated","Honga peat, very frequently flooded, tidal (Ho)",NA,NA,Organic,NA,inconsistent
K035,upland,38.5922,-76.13,1.2,09:50:00,NA,NA,NA,"Soil horizon was probably more accurately ""mix of organic and mineral""; I've added soil series here, but was missing on hard copy I sent in. Soil moisture not taken, but soil was very dry; Elevation was estimated; Dominant species were Black Walnut, Eastern Redbud, juniper, invasive privet","Mattapex silt loam, 2 to 5 percent slopes, Mid-Atlantic Coastal Plain (MtcB)",NA,NA,Mineral,5,inconsistent
K036,water,39.0412,-76.2218,0.06,00:00:00,None,Estuary,300,conductivity 10.58 mS/cm; temperature 17.0 C Water color description: too clear; brownish,NA,NA,NA,NA,NA,NA
K036,sediment,39.0412,-76.2218,0.06,00:10:00,NA,NA,NA,NA,Westbrook peat (We),Yes,Dark Chocolate,NA,NA,NA
K036,wetland,39.0385,-76.2239,0.39,22:45:00,NA,NA,NA,"dominant: Schoenoplectus, also some Iva
",Westbrook peat (We),NA,NA,Organic,NA,NA
K036,transition,39.0381,-76.2242,0.39,23:00:00,NA,NA,NA,invasive phragmites dominant,"Othello silt loams, 0 to 2 percent slopes, Mid-Atlantic Coastal Plain (Oh)",NA,NA,Organic,NA,NA
K036,upland,39.0379,-76.2244,0.65,23:10:00,NA,NA,NA,"dominant vegetation: black gum, sweet gum, ilex opaca, willow oak, understory royal ferns","Othello silt loams, 0 to 2 percent slopes, Mid-Atlantic Coastal Plain (Oh)",NA,NA,Organic,5,NA
K037,water,37.5569,-76.9731,0.23,18:00:00,None,NA,305,NA,NA,NA,NA,NA,NA,NA
K037,sediment,37.5569,-76.9731,0.23,18:00:00,NA,NA,NA,"roots and organic matter visible in sediment, ~1m water over sediment when sampling","Mattan muck, 0 to 1 percent slopes, frequently flooded (22A)",No,Dark Chocolate,NA,NA,NA
K037,wetland,37.5569,-76.9731,0.23,18:00:00,NA,NA,NA,NA,"Mattan muck, 0 to 1 percent slopes, frequently flooded (22A)",NA,NA,Organic,NA,NA
K037,transition,NA,NA,NA,NA,NA,NA,NA,NA,NA,NA,NA,NA,NA,NA
K037,upland,NA,NA,NA,05:00:00,NA,NA,NA,NA,NA,NA,NA,NA,NA,NA
K038,water,37.3264,-77.2078,0.41,21:00:00,None,Tidal Stream,322,NA,NA,NA,NA,NA,NA,NA
K038,sediment,37.3264,-77.2078,0.41,21:05:00,NA,NA,NA,water ~45cm deep,"Bibb fine sandy loam, 0 to 2 percent slopes, frequently flooded (4A)",No,"Light Chocolate, Dark Chocolate",NA,NA,NA
K038,wetland,37.3267,-77.2078,0.52,21:18:00,NA,NA,NA,wetland is tidal forested swamp,"Bibb fine sandy loam, 0 to 2 percent slopes, frequently flooded (4A)",NA,NA,Organic,NA,NA
K038,transition,NA,NA,NA,NA,NA,NA,NA,NA,NA,NA,NA,NA,NA,NA
K038,upland,37.3267,-77.2072,1.21,21:30:00,NA,NA,NA,looks like thin organic horizon (~1cm) over mineral soil; elevation estimated visually,"Nevarc-Remlik complex, 15 to 25 percent slopes (35E)",NA,NA,"Organic, Mineral",5,NA
K039,water,43.7621,-86.4077,176.9,16:35:00,"Macrophytes, Algae",Lacestuary,250,NA,NA,NA,NA,NA,NA,NA
K039,sediment,43.7621,-86.4077,176.9,16:48:00,NA,NA,NA,NA,Water (W),No,Dark Chocolate,NA,NA,NA
K039,wetland,43.7618,-86.4075,176.85,17:02:00,NA,NA,NA,NA,"Kerston and Carlisle mucks, frequently flooded (97)",NA,NA,Organic,NA,NA
K039,transition,43.7604,-86.4078,179.45,17:17:00,NA,NA,NA,"highly organic--roots, rhizomes","Kerston and Carlisle mucks, frequently flooded (97)",NA,NA,Organic,NA,NA
K039,upland,43.7568,-86.4049,182.1,17:58:00,NA,NA,NA,NA,"Chelsea fine sand, 0 to 6 percent slopes (92B)",NA,NA,Mineral,5,NA
K040,water,37.4559,-75.8335,-0.57,20:30:00,Algae,Tidal Stream,390,High Tide - breezy,NA,NA,NA,NA,NA,NA
K040,sediment,37.4559,-75.8335,-0.57,20:40:00,NA,NA,NA,taken just below high tide line - at high tide.,"Bojac fine sandy loam, 0 to 2 percent slopes (BoA)",No,Grey,NA,NA,NA
K040,wetland,37.4566,-75.8332,-0.1,20:30:00,NA,NA,NA,shortform spartina alterniflora marsh outcrop; High Marsh - Short Spartina alterniflora,"Chincoteague silt loam, 0 to 1 percent slopes, very frequently flooded (ChA)",NA,NA,Organic,NA,NA
K040,transition,37.4644,-75.8358,1.03,20:15:00,NA,NA,NA,Loblolly Pine overstory - phragmites understory,"Nimmo sandy loam, 0 to 2 percent slopes (NmA)",NA,NA,Organic,NA,NA
K040,upland,37.4654,-75.8356,1.26,20:00:00,NA,NA,NA,NA,"Nimmo sandy loam, 0 to 2 percent slopes (NmA)",NA,NA,Organic,5,NA
K041,water,37.4557,-75.8334,0,20:45:00,None,Tidal River,600,low tide,NA,NA,NA,NA,NA,NA
K041,sediment,37.4557,-75.8334,0,20:50:00,NA,NA,NA,low tide,"Bojac fine sandy loam, 0 to 2 percent slopes (BoA)",No,Grey,NA,NA,NA
K041,wetland,37.4557,-75.8334,0,20:50:00,NA,NA,NA,spartina alterniflora,"Bojac fine sandy loam, 0 to 2 percent slopes (BoA)",NA,NA,Organic,NA,NA
K041,transition,37.4638,-75.8357,0.91,20:30:00,NA,NA,NA,phragmites and loblolly pine,"Nimmo sandy loam, 0 to 2 percent slopes (NmA)",NA,NA,Organic,NA,NA
K041,upland,37.4656,-75.835,1.2,20:20:00,NA,NA,NA,mostly loblolly pine,"Nimmo sandy loam, 0 to 2 percent slopes (NmA)",NA,NA,Organic,5,NA
K042,water,39.8816,-75.2665,-0.02,12:00:00,None,Tidal Stream,180,NA,NA,NA,NA,NA,NA,NA
K042,sediment,38.8816,-75.2665,-0.12,12:00:00,NA,NA,NA,NA,Water (W),No,Grey,NA,NA,NA
K042,wetland,39.8816,-75.265,0.44,12:15:00,NA,NA,NA,Sampled right at low tide.,Water (W),NA,NA,Organic,NA,NA
K042,transition,39.8815,-75.2648,0.74,12:00:00,NA,NA,NA,All elevations are eyeballed relative to MSL,Marsh (Mh),NA,NA,Organic,NA,NA
K042,upland,39.8815,-75.2646,2.09,12:15:00,NA,NA,NA,Under red oak,Urban land (Ub),NA,NA,Organic,4,NA
K043,water,39.062,-75.394,-1.45,NA,None,Estuary,NA,Dissolved Oxygen saturation 115.1%,NA,NA,NA,NA,NA,NA
K043,sediment,39.062,-75.397,-0.5,NA,NA,NA,NA,sand,Water (W),NA,NA,NA,NA,NA
K043,wetland,NA,NA,NA,NA,NA,NA,NA,NA,NA,NA,NA,NA,NA,NA
K043,transition,NA,NA,NA,NA,NA,NA,NA,NA,NA,NA,NA,NA,NA,NA
K043,upland,NA,NA,NA,NA,NA,NA,NA,NA,NA,NA,NA,NA,NA,NA
K044,water,38.8837,-76.5583,0.01,04:50:00,None,Tidal Stream,330,Will send sonde data at a later date,NA,NA,NA,NA,NA,NA
K044,sediment,38.8837,-76.5583,0.01,17:00:00,NA,NA,NA,NA,"Contees Wharf silty clay loam, 0 to 1 meter water depth (WCwA)",No,Grey,NA,NA,NA
K044,wetland,38.8841,-76.5582,0.24,16:38:00,NA,NA,NA,PHAU dominant. Will calculate soil moisture from soil samples taken today and send at a later date,"Annapolis fine sandy loam, 5 to 10 percent slopes (AsC)",NA,NA,Organic,NA,NA
K044,transition,38.8842,-76.5583,0.87,16:20:00,NA,NA,NA,Will calculate soil moisture from soil samples taken today and send at a later date,"Annapolis fine sandy loam, 5 to 10 percent slopes (AsC)",NA,NA,Organic,NA,NA
K044,upland,38.8843,-76.5583,2.2,16:04:00,NA,NA,NA,Will calculate soil moisture from soil samples taken today and send at a later date,"Annapolis fine sandy loam, 5 to 10 percent slopes (AsC)",NA,NA,Organic,4,NA
K045,water,39.9886,-74.8467,-0.4,14:35:00,Macrophytes,Tidal River,80,Water had a visible amount of sediment in it.  Both filters only allowed 80ml through before clogging. Water color description: red/brown,NA,NA,NA,NA,NA,inconsistent
K045,sediment,39.9887,-74.8466,-0.06,14:50:00,NA,NA,NA,Was taken out of the water but would be submerged soon due to tide.,Water (WATER),No,"Black, Dark Chocolate",NA,NA,inconsistent
K045,wetland,39.9889,-74.8465,1.06,15:10:00,NA,NA,NA,"Marsh are was very soup-y hard to get a core from this location, did my best.","Mannington-Nanticoke complex, 0 to 1 percent slopes, very frequently flooded (MamnAv)",NA,NA,Organic,NA,inconsistent
K045,transition,39.9905,-74.8443,5.8,16:00:00,NA,NA,NA,Edge of forest where it meets the marsh.,"Tinton sand, thick surface, 0 to 5 percent slopes (ThftB)",NA,NA,Organic,NA,inconsistent
K045,upland,39.991,-74.8434,3.34,16:13:00,NA,NA,NA,"Unsure of soil type, Soil Web classified as PGH Pits, sand and gravel.","Pits, sand and gravel (PHG)",NA,NA,Organic,4,inconsistent
K046,water,39.0892,-75.4365,0.54,14:46:00,NA,Tidal Stream,232,small tributary creek within the wetland,NA,NA,NA,NA,NA,NA
K046,sediment,39.0892,-75.4365,0.54,15:00:00,NA,NA,NA,NA,"Transquaking and Mispillion soils, very frequently flooded, tidal (TP)",Yes,"Black, Grey",NA,NA,NA
K046,wetland,39.089,-75.4366,0.87,15:30:00,NA,NA,NA,Soil moisture not taken but soil was saturated,"Transquaking and Mispillion soils, very frequently flooded, tidal (TP)",NA,NA,Organic,NA,NA
K046,transition,NA,NA,NA,NA,NA,NA,NA,NA,NA,NA,NA,NA,NA,NA
K046,upland,39.0887,-75.4351,NA,15:20:00,NA,NA,NA,NA,"Carmichael loam, 0 to 2 percent slopes (CaA)",NA,NA,NA,4,NA
K047,water,43.4162,-86.3489,177.01,19:00:00,"Macrophytes, Algae",Lacestuary,200,filter clogged after 4 pulls.  Could not load water color app.,NA,NA,NA,NA,NA,NA
K047,sediment,43.4162,-86.3489,177.01,19:10:00,NA,NA,NA,"sediment was highly organic--roots, rhizomes, etc.",Marsh (Ma),No,Dark Chocolate,NA,NA,NA
K047,wetland,43.4169,-86.35,177.11,19:15:00,NA,NA,NA,highly organic--mostly roots and rhizomes with very little mineral content.,Marsh (Ma),NA,NA,Organic,NA,NA
K047,transition,43.4166,-86.3508,177.03,19:25:00,NA,NA,NA,I suspect this area was manipulated 120-140 years ago.  This location may have been open water in the past--hard to tell.,Kerston muck (Ku),NA,NA,Organic,NA,NA
K047,upland,43.4161,-86.3521,177.53,19:30:00,NA,NA,NA,NA,Kerston muck (Ku),NA,NA,Mineral,6,NA
K048,water,39.8803,-75.2667,0.78,13:00:00,NA,Tidal Stream,100,NA,NA,NA,NA,NA,NA,NA
K048,sediment,39.8803,-75.2667,0.78,13:15:00,NA,NA,NA,phone did not record GPS so taken from google earth --> side is along a transect and in Darby Creek @ edge,Water (W),Yes,Dark Chocolate,NA,NA,NA
K048,wetland,39.8802,-75.2669,0.28,13:35:00,NA,NA,NA,MSL used for elevation,Water (W),NA,NA,Organic,NA,NA
K048,transition,39.8801,-75.2666,0.92,13:45:00,NA,NA,NA,MSL used for elevation,Tidal marsh (Tm),NA,NA,Organic,NA,NA
K048,upland,39.88,-75.2665,2.77,13:55:00,NA,NA,NA,MSL used for elevation,Tidal marsh (Tm),NA,NA,Organic,4,NA
K049,water,42.6708,-86.2107,177.23,15:10:00,"Macrophytes, Algae",Lake,70,NA,NA,NA,NA,NA,NA,NA
K049,sediment,42.6708,-86.2107,177.23,15:15:00,NA,NA,NA,NA,Dune land and Beaches (4),Yes,Black,NA,NA,NA
K049,wetland,42.6708,-86.2106,177.33,15:25:00,NA,NA,NA,NA,Dune land and Beaches (4),NA,NA,Organic,NA,NA
K049,transition,42.6709,-86.2106,178.22,15:32:00,NA,NA,NA,NA,Dune land and Beaches (4),NA,NA,Mineral,NA,NA
K049,upland,42.6709,-86.2105,178.68,15:43:00,NA,NA,NA,NA,Dune land and Beaches (4),NA,NA,Mineral,NA,NA
K050,water,37.3344,-77.2072,0.16,19:44:00,"Macrophytes, Algae",Tidal Stream,105,"macroalgae, a few emergent macrophyte",NA,NA,NA,NA,NA,NA
K050,sediment,37.3344,-77.2072,0.16,19:50:00,NA,NA,NA,"water depth ~60cm, sediment is very sandy",Water (W),No,Light Chocolate,NA,NA,NA
K050,wetland,37.3347,-77.2069,0.72,20:05:00,NA,NA,NA,"soil type lsits as ""W"" because site was flooded when last soil survey was done. Lots of roots in soil",Water (W),NA,NA,Organic,NA,NA
K050,transition,37.3347,-77.2058,7.16,20:17:00,NA,NA,NA,transition site where intermittent stream (now dry) enter wetland,"Nevarc-Remlik complex, 10 to 15 percent slopes (35D)",NA,NA,Mineral,NA,NA
K050,upland,37.3347,-77.2058,7.16,20:24:00,NA,NA,NA,"despite same GPS as transition, this site was ~15m south of transition","Nevarc-Remlik complex, 10 to 15 percent slopes (35D)",NA,NA,Organic,5,NA
K051,water,38.5747,-76.2191,0.74,19:25:00,NA,NA,NA,NA,NA,NA,NA,NA,NA,NA
K051,sediment,38.5747,-76.2191,0.74,19:25:00,NA,NA,NA,NA,"Sunken mucky silt loam, 0 to 2 percent slopes, occasionally flooded, tidal (SuA)",NA,NA,NA,NA,NA
K051,wetland,38.5747,-76.2194,0.53,19:10:00,NA,NA,NA,NA,"Sunken mucky silt loam, 0 to 2 percent slopes, occasionally flooded, tidal (SuA)",NA,NA,NA,NA,NA
K051,transition,38.5747,-76.2191,0.74,19:15:00,NA,NA,NA,NA,"Sunken mucky silt loam, 0 to 2 percent slopes, occasionally flooded, tidal (SuA)",NA,NA,NA,NA,NA
K051,upland,38.5746,-76.2185,0.75,19:00:00,NA,NA,NA,NA,"Elkton silt loam, 0 to 2 percent slopes (EmA)",NA,NA,NA,NA,NA
K052,water,38.1595,-75.7905,0.59,NA,NA,NA,NA,NA,NA,NA,NA,NA,NA,NA
K052,sediment,38.1595,-75.7904,0,NA,NA,NA,NA,NA,"Transquaking and Mispillion soils, very frequently flooded, tidal (TP)",NA,NA,NA,NA,NA
K052,wetland,38.1596,-75.7899,0.54,NA,NA,NA,NA,NA,"Transquaking and Mispillion soils, very frequently flooded, tidal (TP)",NA,NA,NA,NA,NA
K052,transition,38.1604,-75.7899,0.81,NA,NA,NA,NA,NA,"Queponco silt loam, 0 to 2 percent slopes (QeA)",NA,NA,NA,NA,NA
K052,upland,38.1609,-75.7906,0.8,NA,NA,NA,NA,NA,"Queponco silt loam, 0 to 2 percent slopes (QeA)",NA,NA,NA,NA,NA
K053,water,38.812,-76.7083,0.32,19:26:00,Macrophytes,"Freshwater, Tidal River",92,1GBP=11,NA,NA,NA,NA,NA,NA
K053,sediment,38.8121,-76.7082,0.32,19:47:00,NA,NA,NA,NA,"Mispillion and Transquaking soils, 0 to 1 percent slopes, tidally flooded (MZA)",No,Light Chocolate,NA,NA,NA
K053,wetland,38.812,-76.708,0.4,18:53:00,NA,NA,NA,1GBP=11; 1.66ft elevation,"Mispillion and Transquaking soils, 0 to 1 percent slopes, tidally flooded (MZA)",NA,NA,Organic,NA,NA
K053,transition,38.812,-76.7061,3.74,18:22:00,NA,NA,NA,"water table near surface, some gravel; 1.87ft elevation using the Google Earth app","Evesboro-Galestown-Urban land complex, 0 to 5 percent slopes (EuB)",NA,NA,Mineral,NA,NA
K053,upland,38.812,-76.7061,3.74,18:05:00,NA,NA,NA,Google Earth app used for elevation,"Evesboro-Galestown-Urban land complex, 0 to 5 percent slopes (EuB)",NA,NA,Organic,4,NA
K054,water,38.9677,-75.3703,0.33,NA,Macrophytes,Tidal Stream,120,many phrag bits,NA,NA,NA,NA,NA,NA
K054,sediment,38.9677,-75.3703,0.33,NA,NA,NA,NA,MANY phragmites bits,"Transquaking and Mispillion soils, very frequently flooded, tidal (TP)",Yes,"Grey, Dark Chocolate",NA,NA,NA
K054,wetland,38.968,-75.37,0.56,NA,NA,NA,NA,NA,"Transquaking and Mispillion soils, very frequently flooded, tidal (TP)",NA,NA,Organic,NA,NA
K054,transition,38.9681,-75.3698,1.08,NA,NA,NA,NA,Many roots,"Pineyneck loam, 0 to 2 percent slopes (PyA)",NA,NA,Organic,NA,NA
K054,upland,38.9683,-75.3697,1.13,NA,NA,NA,NA,Many roots,"Pineyneck loam, 0 to 2 percent slopes (PyA)",NA,NA,Organic,5,NA
K055,water,39.8055,-75.2077,1.03,17:26:00,Macrophytes,Tidal stream,240,NA,NA,NA,NA,NA,NA,NA
K055,sediment,39.8055,-75.2077,1.03,17:30:00,NA,NA,NA,NA,"Freehold sandy loam, 15 to 25 percent slopes (FrkE)",NA,Dark chocolate,NA,NA,NA
K055,wetland,NA,NA,NA,NA,NA,NA,NA,NA,NA,NA,NA,NA,NA,NA
K055,transition,NA,NA,NA,NA,NA,NA,NA,NA,NA,NA,NA,NA,NA,NA
K055,upland,39.8057,-75.2103,7.56,14:30:00,NA,NA,NA,NA,"Freehold sandy loam, 15 to 25 percent slopes (FrkE)",NA,NA,NA,3,NA
K056,water,39.1838,-74.8511,0.78,17:00:00,NA,Tidal Stream,70,NA,NA,NA,NA,NA,NA,NA
K056,sediment,39.1838,-74.8511,0.78,17:15:00,NA,NA,NA,NA,"Mispillion-Transquaking-Appoquinimink complex, 0 to 1 percent slopes, very frequently flooded (MmtAv)",Yes,Dark Chocolate,NA,NA,NA
K056,wetland,39.1838,-74.8511,0.78,17:20:00,NA,NA,NA,Spartina alterniflora (not recorded in the physical metadata sheet);  NAVD88 used for elevation,"Mispillion-Transquaking-Appoquinimink complex, 0 to 1 percent slopes, very frequently flooded (MmtAv)",NA,NA,Organic,NA,NA
K056,transition,39.1836,-74.8517,0.99,17:30:00,NA,NA,NA,Phragmites australis (not recorded on the phyiscal metadata sheet); NAVD88 used for elevation,"Mispillion-Transquaking-Appoquinimink complex, 0 to 1 percent slopes, very frequently flooded (MmtAv)",NA,NA,Mineral,NA,NA
K056,upland,39.1837,-74.8518,1.17,17:40:00,NA,NA,NA,NAVD88 used for elevation,"Galloway loamy sand, 0 to 5 percent slopes (GamB)",NA,NA,Organic,5,NA
K057,water,39.1683,-75.5211,4.64,NA,None,Lake,NA,Water color description: Greenish,NA,NA,NA,NA,NA,NA
K057,sediment,NA,NA,NA,NA,NA,NA,NA,NA,NA,NA,NA,NA,NA,NA
K057,wetland,NA,NA,NA,NA,NA,NA,NA,NA,NA,NA,NA,NA,NA,NA
K057,transition,NA,NA,NA,NA,NA,NA,NA,NA,NA,NA,NA,NA,NA,NA
K057,upland,NA,NA,NA,NA,NA,NA,NA,NA,NA,NA,NA,NA,NA,NA
K058,water,39.2576,-75.0905,0.76,12:00:00,None,Tidal Stream,230,NA,NA,NA,NA,NA,NA,NA
K058,sediment,39.2576,-75.0905,0.76,12:15:00,NA,NA,NA,NA,"Transquaking peat, 0 to 1 percent slopes, very frequently flooded, tidal (TrkAv)",Yes,Dark Chocolate,NA,NA,NA
K058,wetland,39.2575,-75.0904,0.73,12:20:00,NA,NA,NA,spartina alternifora; NAVD88 used for elevation,"Transquaking peat, 0 to 1 percent slopes, very frequently flooded, tidal (TrkAv)",NA,NA,Organic,NA,NA
K058,transition,39.2574,-75.0903,1.39,12:25:00,NA,NA,NA,phragmites australis; NAVDD88 used for elevation,"Transquaking peat, 0 to 1 percent slopes, very frequently flooded, tidal (TrkAv)",NA,NA,Organic,NA,NA
K058,upland,39.3574,-75.0903,17.51,12:33:00,NA,NA,NA,NAVD88 used for elevation,"Galloway loamy sand, 0 to 5 percent slopes (GamB)",NA,NA,Organic,4,NA
K059,water,38.4292,-76.2374,0.15,14:45:00,NA,Tidal Stream,420,water cloudy,NA,NA,NA,NA,NA,NA
K059,sediment,38.4292,-76.2374,0.15,16:15:00,NA,NA,NA,eroded marsh,"Honga peat, very frequently flooded, tidal (Ho)",No,Light Chocolate,NA,NA,NA
K059,wetland,38.4295,-76.2269,0.45,15:40:00,NA,NA,NA,schonoplectus americanus,"Sunken mucky silt loam, 0 to 2 percent slopes, occasionally flooded, tidal (SuA)",NA,NA,Organic,NA,NA
K059,transition,38.4303,-76.2269,0.52,15:30:00,NA,NA,NA,boundary between dead and alive loblolly pine. Only a little phragmites,"Sunken mucky silt loam, 0 to 2 percent slopes, occasionally flooded, tidal (SuA)",NA,NA,Organic,NA,NA
K059,upland,38.4305,-76.2265,0.97,15:10:00,NA,NA,NA,high forest plot; hardwood and pine,"Sunken mucky silt loam, 0 to 2 percent slopes, occasionally flooded, tidal (SuA)",NA,NA,Organic,5,NA
K060,water,39.3259,-75.4749,1.5,17:35:00,Macrophytes,Estuary,170,"YSI died, Water color description: Brown",NA,NA,NA,NA,NA,inconsistent
K060,sediment,39.325,-75.479,-0.57,17:50:00,NA,NA,NA,NA,"Broadkill-Appoquinimink complex, very frequently flooded, tidal (Ba)",No,"Black, Grey",NA,NA,inconsistent
K060,wetland,39.3123,-75.4961,-0.04,18:05:00,NA,NA,NA,NA,"Broadkill-Appoquinimink complex, very frequently flooded, tidal (Ba)",NA,NA,Organic,NA,inconsistent
K060,transition,NA,NA,NA,NA,NA,NA,NA,NA,NA,NA,NA,NA,NA,inconsistent
K060,upland,NA,NA,NA,NA,NA,NA,NA,NA,NA,NA,NA,NA,NA,inconsistent
K061,water,39.2157,-75.4618,0.52,14:00:00,None,Tidal Stream,120,No photo - unable to take phone,NA,NA,NA,NA,NA,NA
K061,sediment,39.2157,-75.4618,0.52,14:10:00,NA,NA,NA,NA,"Broadkill-Appoquinimink complex, very frequently flooded, tidal (Ba)",Yes,"Grey, Dark Chocolate",NA,NA,NA
K061,wetland,39.2153,-75.4609,1.03,13:45:00,NA,NA,NA,Permanent wetland,"Pineyneck loam, 0 to 2 percent slopes (PyA)",NA,NA,Organic,NA,NA
K061,transition,39.2152,-75.4607,0.98,13:25:00,NA,NA,NA,Crop + natural veg,"Pineyneck loam, 0 to 2 percent slopes (PyA)",NA,NA,Organic,NA,NA
K061,upland,39.2151,-75.4605,177.04,13:20:00,NA,NA,NA,NA,NA,NA,NA,Organic,12,NA
K062,water,38.8753,-76.5513,0.01,14:00:00,None,Estuary,270,sediment temp: 18.7C,NA,NA,NA,NA,NA,NA
K062,sediment,38.8753,-76.5513,0.01,14:40:00,NA,NA,NA,NA,"Mispillion and Transquaking soils, 0 to 1 percent slopes, tidally flooded (MZA)",No,Grey,NA,NA,NA
K062,wetland,38.8751,-76.5515,0.02,13:36:00,NA,NA,NA,Will calculate soil moisture from soil samples taken today and send at a later date,"Mispillion and Transquaking soils, 0 to 1 percent slopes, tidally flooded (MZA)",NA,NA,Organic,NA,NA
K062,transition,38.8747,-76.5516,2.23,13:20:00,NA,NA,NA,Will calculate soil moisture from soil samples taken today and send at a later date,"Collington and Annapolis soils, 10 to 15 percent slopes (CRD)",NA,NA,Organic,NA,NA
K062,upland,38.8743,-76.5515,2.38,13:00:00,NA,NA,NA,Will calculate soil moisture from soil samples taken today and send at a later date,"Collington and Annapolis soils, 10 to 15 percent slopes (CRD)",NA,NA,Organic,4,NA
